ejecutable;numPatrones;freq;tiempo
./booyer_moore_5;100;0;0.145783
./booyer_moore_5;100;0;0.143254
./booyer_moore_5;100;0;0.142769
./booyer_moore_5;100;0;0.145699
./booyer_moore_5;100;0;0.144995
./booyer_moore_5;100;0;0.075258
./booyer_moore_5;100;2;0.0776017
./booyer_moore_5;100;0;0.0775774
./booyer_moore_5;100;0;0.0861075
./booyer_moore_5;100;1;0.104288
./booyer_moore_5;100;0;0.104204
./booyer_moore_5;100;1;0.0937199
./booyer_moore_5;100;0;0.0889371
./booyer_moore_5;100;0;0.0895551
./booyer_moore_5;100;0;0.0962169
./booyer_moore_5;100;0;0.143135
./booyer_moore_5;100;0;0.146682
./booyer_moore_5;100;0;0.16187
./booyer_moore_5;100;0;0.143766
./booyer_moore_5;100;0;0.173296
./booyer_moore_5;100;0;0.103475
./booyer_moore_5;100;0;0.11022
./booyer_moore_5;100;0;0.11021
./booyer_moore_5;100;0;0.107537
./booyer_moore_5;100;1;0.110684
./booyer_moore_5;100;0;0.136574
./booyer_moore_5;100;0;0.168062
./booyer_moore_5;100;0;0.122738
./booyer_moore_5;100;0;0.128676
./booyer_moore_5;100;1;0.13339
./booyer_moore_5;100;0;0.153108
./booyer_moore_5;100;0;0.14817
./booyer_moore_5;100;0;0.151945
./booyer_moore_5;100;0;0.167689
./booyer_moore_5;100;0;0.166281
./booyer_moore_5;100;0;0.138757
./booyer_moore_5;100;0;0.146407
./booyer_moore_5;100;0;0.127568
./booyer_moore_5;100;0;0.136739
./booyer_moore_5;100;0;0.128445
./booyer_moore_5;100;0;0.105129
./booyer_moore_5;100;0;0.110422
./booyer_moore_5;100;0;0.111153
./booyer_moore_5;100;0;0.107711
./booyer_moore_5;100;0;0.106863
./booyer_moore_5;100;186;0.184657
./booyer_moore_5;100;99;0.197269
./booyer_moore_5;100;202;0.192035
./booyer_moore_5;100;142;0.177233
./booyer_moore_5;100;98;0.178697
./booyer_moore_5;100;0;0.0890215
./booyer_moore_5;100;0;0.0993386
./booyer_moore_5;100;0;0.097506
./booyer_moore_5;100;0;0.0980991
./booyer_moore_5;100;0;0.0955573
./booyer_moore_5;100;0;0.0857291
./booyer_moore_5;100;0;0.0880995
./booyer_moore_5;100;0;0.0851745
./booyer_moore_5;100;0;0.0874134
./booyer_moore_5;100;0;0.0878586
./booyer_moore_5;100;0;0.0678049
./booyer_moore_5;100;0;0.0631166
./booyer_moore_5;100;0;0.0672143
./booyer_moore_5;100;0;0.0603233
./booyer_moore_5;100;0;0.067607
./booyer_moore_5;100;0;0.136602
./booyer_moore_5;100;0;0.132309
./booyer_moore_5;100;0;0.136994
./booyer_moore_5;100;2;0.143526
./booyer_moore_5;100;3;0.1361
./booyer_moore_5;100;1;0.0721191
./booyer_moore_5;100;0;0.0732804
./booyer_moore_5;100;0;0.072237
./booyer_moore_5;100;0;0.0688996
./booyer_moore_5;100;0;0.073282
./booyer_moore_5;100;0;0.127143
./booyer_moore_5;100;0;0.136801
./booyer_moore_5;100;0;0.128804
./booyer_moore_5;100;0;0.124892
./booyer_moore_5;100;0;0.143552
./booyer_moore_5;100;0;0.138527
./booyer_moore_5;100;0;0.127828
./booyer_moore_5;100;0;0.133295
./booyer_moore_5;100;0;0.119957
./booyer_moore_5;100;0;0.133171
./booyer_moore_5;100;10;0.115597
./booyer_moore_5;100;3;0.121849
./booyer_moore_5;100;3;0.119785
./booyer_moore_5;100;9;0.124217
./booyer_moore_5;100;4;0.117035
./booyer_moore_5;100;0;0.124307
./booyer_moore_5;100;0;0.124711
./booyer_moore_5;100;0;0.133433
./booyer_moore_5;100;0;0.122695
./booyer_moore_5;100;0;0.131278
./booyer_moore_5;100;7;0.145783
./booyer_moore_5;100;13;0.170831
./booyer_moore_5;100;7;0.152498
./booyer_moore_5;100;9;0.154851
./booyer_moore_5;100;5;0.161688
./booyer_moore_5;100;28;0.145886
./booyer_moore_5;100;50;0.16392
./booyer_moore_5;100;37;0.164831
./booyer_moore_5;100;47;0.147644
./booyer_moore_5;100;35;0.152875
./booyer_moore_5;100;0;0.179753
./booyer_moore_5;100;0;0.195591
./booyer_moore_5;100;0;0.188827
./booyer_moore_5;100;1;0.189268
./booyer_moore_5;100;0;0.194469
./booyer_moore_5;100;123;0.115109
./booyer_moore_5;100;210;0.128864
./booyer_moore_5;100;157;0.122668
./booyer_moore_5;100;150;0.13431
./booyer_moore_5;100;179;0.124668
./booyer_moore_5;100;37;0.202084
./booyer_moore_5;100;16;0.196598
./booyer_moore_5;100;30;0.198681
./booyer_moore_5;100;42;0.197362
./booyer_moore_5;100;30;0.187493
./booyer_moore_5;100;0;0.124236
./booyer_moore_5;100;0;0.11963
./booyer_moore_5;100;0;0.119596
./booyer_moore_5;100;0;0.131102
./booyer_moore_5;100;0;0.123035
./booyer_moore_5;100;0;0.184419
./booyer_moore_5;100;1;0.173558
./booyer_moore_5;100;2;0.174898
./booyer_moore_5;100;0;0.172933
./booyer_moore_5;100;1;0.173785
./booyer_moore_5;100;1;0.120249
./booyer_moore_5;100;0;0.124028
./booyer_moore_5;100;2;0.139434
./booyer_moore_5;100;0;0.111707
./booyer_moore_5;100;0;0.124414
./booyer_moore_5;100;1;0.08736
./booyer_moore_5;100;2;0.0920755
./booyer_moore_5;100;3;0.0903641
./booyer_moore_5;100;2;0.0923288
./booyer_moore_5;100;4;0.0915349
./booyer_moore_5;100;0;0.0953584
./booyer_moore_5;100;0;0.125223
./booyer_moore_5;100;0;0.115829
./booyer_moore_5;100;0;0.103968
./booyer_moore_5;100;1;0.098978
./booyer_moore_5;100;0;0.145286
./booyer_moore_5;100;1;0.158246
./booyer_moore_5;100;0;0.158371
./booyer_moore_5;100;2;0.131139
./booyer_moore_5;100;1;0.138742
./booyer_moore_5;100;4;0.104621
./booyer_moore_5;100;3;0.107767
./booyer_moore_5;100;8;0.0908818
./booyer_moore_5;100;3;0.0943258
./booyer_moore_5;100;1;0.0962284
./booyer_moore_5;100;0;0.148863
./booyer_moore_5;100;0;0.154233
./booyer_moore_5;100;0;0.16344
./booyer_moore_5;100;1;0.163761
./booyer_moore_5;100;0;0.144444
./booyer_moore_5;100;120;0.0896937
./booyer_moore_5;100;72;0.0861197
./booyer_moore_5;100;139;0.090501
./booyer_moore_5;100;99;0.0908023
./booyer_moore_5;100;74;0.0978274
./booyer_moore_5;100;26;0.183435
./booyer_moore_5;100;36;0.190639
./booyer_moore_5;100;27;0.178081
./booyer_moore_5;100;24;0.182463
./booyer_moore_5;100;34;0.184058
./booyer_moore_5;100;50;0.109627
./booyer_moore_5;100;34;0.108773
./booyer_moore_5;100;42;0.105564
./booyer_moore_5;100;40;0.114366
./booyer_moore_5;100;23;0.113352
./booyer_moore_5;100;159;0.107662
./booyer_moore_5;100;208;0.121299
./booyer_moore_5;100;170;0.119928
./booyer_moore_5;100;204;0.124624
./booyer_moore_5;100;209;0.119074
./booyer_moore_5;100;0;0.147268
./booyer_moore_5;100;0;0.116318
./booyer_moore_5;100;1;0.115461
./booyer_moore_5;100;0;0.114931
./booyer_moore_5;100;0;0.114572
./booyer_moore_5;100;0;0.0664473
./booyer_moore_5;100;0;0.0721813
./booyer_moore_5;100;0;0.0674641
./booyer_moore_5;100;0;0.0687435
./booyer_moore_5;100;0;0.0689325
./booyer_moore_5;100;0;0.165506
./booyer_moore_5;100;2;0.17019
./booyer_moore_5;100;0;0.163864
./booyer_moore_5;100;1;0.172817
./booyer_moore_5;100;1;0.166292
./booyer_moore_5;100;0;0.133546
./booyer_moore_5;100;0;0.130361
./booyer_moore_5;100;0;0.130498
./booyer_moore_5;100;0;0.139142
./booyer_moore_5;100;0;0.12643
./booyer_moore_5;100;0;0.0812688
./booyer_moore_5;100;0;0.0785837
./booyer_moore_5;100;1;0.0827094
./booyer_moore_5;100;0;0.0827221
./booyer_moore_5;100;0;0.0877236
./booyer_moore_5;100;1043;0.112113
./booyer_moore_5;100;519;0.10911
./booyer_moore_5;100;1078;0.115742
./booyer_moore_5;100;785;0.112555
./booyer_moore_5;100;625;0.110507
./booyer_moore_5;100;225;0.121493
./booyer_moore_5;100;241;0.119326
./booyer_moore_5;100;228;0.12408
./booyer_moore_5;100;190;0.119989
./booyer_moore_5;100;202;0.117429
./booyer_moore_5;100;0;0.106273
./booyer_moore_5;100;1;0.112619
./booyer_moore_5;100;0;0.106322
./booyer_moore_5;100;0;0.108264
./booyer_moore_5;100;0;0.106812
./booyer_moore_5;100;1;0.0843676
./booyer_moore_5;100;0;0.0936826
./booyer_moore_5;100;0;0.0876267
./booyer_moore_5;100;1;0.0896007
./booyer_moore_5;100;2;0.0889771
./booyer_moore_5;100;20;0.101172
./booyer_moore_5;100;15;0.107431
./booyer_moore_5;100;11;0.103686
./booyer_moore_5;100;13;0.101277
./booyer_moore_5;100;17;0.101822
./booyer_moore_5;100;0;0.0727242
./booyer_moore_5;100;1;0.0744314
./booyer_moore_5;100;0;0.0764323
./booyer_moore_5;100;0;0.0745532
./booyer_moore_5;100;0;0.0783005
./booyer_moore_5;100;0;0.0844725
./booyer_moore_5;100;0;0.0921725
./booyer_moore_5;100;0;0.0899998
./booyer_moore_5;100;0;0.0934303
./booyer_moore_5;100;0;0.0900865
./booyer_moore_5;100;1;0.126065
./booyer_moore_5;100;0;0.124413
./booyer_moore_5;100;0;0.130805
./booyer_moore_5;100;0;0.119707
./booyer_moore_5;100;0;0.126154
./booyer_moore_5;100;0;0.0940381
./booyer_moore_5;100;0;0.096574
./booyer_moore_5;100;0;0.101844
./booyer_moore_5;100;1;0.0949466
./booyer_moore_5;100;0;0.0962286
./booyer_moore_5;100;0;0.147395
./booyer_moore_5;100;0;0.118532
./booyer_moore_5;100;0;0.125965
./booyer_moore_5;100;0;0.120817
./booyer_moore_5;100;2;0.112853
./booyer_moore_5;100;23;0.119322
./booyer_moore_5;100;33;0.114951
./booyer_moore_5;100;26;0.110202
./booyer_moore_5;100;23;0.111146
./booyer_moore_5;100;41;0.112853
./booyer_moore_5;100;0;0.132123
./booyer_moore_5;100;0;0.124772
./booyer_moore_5;100;0;0.12309
./booyer_moore_5;100;0;0.123587
./booyer_moore_5;100;0;0.129952
./booyer_moore_5;100;0;0.127982
./booyer_moore_5;100;0;0.1282
./booyer_moore_5;100;1;0.126135
./booyer_moore_5;100;0;0.13234
./booyer_moore_5;100;1;0.12391
./booyer_moore_5;100;0;0.116111
./booyer_moore_5;100;0;0.123287
./booyer_moore_5;100;0;0.124532
./booyer_moore_5;100;1;0.117514
./booyer_moore_5;100;0;0.117485
./booyer_moore_5;100;0;0.0823046
./booyer_moore_5;100;0;0.0833439
./booyer_moore_5;100;0;0.0788893
./booyer_moore_5;100;0;0.0781439
./booyer_moore_5;100;0;0.0772582
./booyer_moore_5;100;0;0.0966962
./booyer_moore_5;100;0;0.0968206
./booyer_moore_5;100;0;0.103046
./booyer_moore_5;100;0;0.0988487
./booyer_moore_5;100;0;0.0960064
./booyer_moore_5;100;20;0.126447
./booyer_moore_5;100;25;0.139383
./booyer_moore_5;100;27;0.131921
./booyer_moore_5;100;23;0.133041
./booyer_moore_5;100;23;0.132934
./booyer_moore_5;100;0;0.131189
./booyer_moore_5;100;0;0.12451
./booyer_moore_5;100;0;0.125109
./booyer_moore_5;100;0;0.128086
./booyer_moore_5;100;0;0.125703
./booyer_moore_5;100;0;0.0945551
./booyer_moore_5;100;0;0.109018
./booyer_moore_5;100;0;0.0977484
./booyer_moore_5;100;0;0.0968655
./booyer_moore_5;100;0;0.101334
./booyer_moore_5;100;0;0.120368
./booyer_moore_5;100;1;0.122877
./booyer_moore_5;100;0;0.1221
./booyer_moore_5;100;1;0.128918
./booyer_moore_5;100;1;0.121576
./booyer_moore_5;100;0;0.107397
./booyer_moore_5;100;0;0.113359
./booyer_moore_5;100;0;0.110192
./booyer_moore_5;100;0;0.115148
./booyer_moore_5;100;0;0.113224
./booyer_moore_5;100;0;0.111821
./booyer_moore_5;100;0;0.109959
./booyer_moore_5;100;1;0.115459
./booyer_moore_5;100;0;0.112808
./booyer_moore_5;100;2;0.112154
./booyer_moore_5;100;0;0.0971521
./booyer_moore_5;100;0;0.12847
./booyer_moore_5;100;0;0.108697
./booyer_moore_5;100;0;0.0948531
./booyer_moore_5;100;0;0.0926099
./booyer_moore_5;100;0;0.124708
./booyer_moore_5;100;0;0.128379
./booyer_moore_5;100;0;0.126402
./booyer_moore_5;100;0;0.128592
./booyer_moore_5;100;0;0.126357
./booyer_moore_5;100;0;0.0704705
./booyer_moore_5;100;0;0.0753362
./booyer_moore_5;100;0;0.0760563
./booyer_moore_5;100;0;0.0833095
./booyer_moore_5;100;0;0.0847153
./booyer_moore_5;100;26;0.11484
./booyer_moore_5;100;29;0.115615
./booyer_moore_5;100;37;0.112674
./booyer_moore_5;100;31;0.122493
./booyer_moore_5;100;43;0.116188
./booyer_moore_5;100;6;0.108425
./booyer_moore_5;100;4;0.105003
./booyer_moore_5;100;18;0.113629
./booyer_moore_5;100;12;0.106503
./booyer_moore_5;100;10;0.112438
./booyer_moore_5;100;0;0.0630717
./booyer_moore_5;100;0;0.0608897
./booyer_moore_5;100;0;0.0534328
./booyer_moore_5;100;0;0.0558658
./booyer_moore_5;100;0;0.0561994
./booyer_moore_5;100;1;0.119406
./booyer_moore_5;100;0;0.110902
./booyer_moore_5;100;0;0.115481
./booyer_moore_5;100;0;0.117044
./booyer_moore_5;100;0;0.115695
./booyer_moore_5;100;0;0.092483
./booyer_moore_5;100;0;0.0967842
./booyer_moore_5;100;0;0.0962953
./booyer_moore_5;100;0;0.101294
./booyer_moore_5;100;0;0.0974325
./booyer_moore_5;100;3;0.107607
./booyer_moore_5;100;3;0.108653
./booyer_moore_5;100;3;0.107685
./booyer_moore_5;100;4;0.11312
./booyer_moore_5;100;2;0.106555
./booyer_moore_5;100;0;0.0940141
./booyer_moore_5;100;0;0.0973752
./booyer_moore_5;100;0;0.097244
./booyer_moore_5;100;0;0.104676
./booyer_moore_5;100;0;0.102942
./booyer_moore_5;100;0;0.125228
./booyer_moore_5;100;0;0.129438
./booyer_moore_5;100;0;0.136077
./booyer_moore_5;100;0;0.163904
./booyer_moore_5;100;0;0.167532
./booyer_moore_5;100;15;0.105222
./booyer_moore_5;100;9;0.10335
./booyer_moore_5;100;6;0.100844
./booyer_moore_5;100;6;0.0979331
./booyer_moore_5;100;12;0.0959157
./booyer_moore_5;100;3;0.18038
./booyer_moore_5;100;3;0.191563
./booyer_moore_5;100;4;0.231998
./booyer_moore_5;100;4;0.212467
./booyer_moore_5;100;2;0.195983
./booyer_moore_5;100;12;0.203874
./booyer_moore_5;100;31;0.217469
./booyer_moore_5;100;23;0.184591
./booyer_moore_5;100;17;0.187185
./booyer_moore_5;100;25;0.194038
./booyer_moore_5;100;57;0.134996
./booyer_moore_5;100;76;0.142593
./booyer_moore_5;100;69;0.149059
./booyer_moore_5;100;79;0.15546
./booyer_moore_5;100;58;0.139851
./booyer_moore_5;100;149;0.195308
./booyer_moore_5;100;188;0.197823
./booyer_moore_5;100;142;0.19756
./booyer_moore_5;100;145;0.168742
./booyer_moore_5;100;165;0.171629
./booyer_moore_5;100;36;0.185207
./booyer_moore_5;100;36;0.180943
./booyer_moore_5;100;40;0.191279
./booyer_moore_5;100;30;0.176133
./booyer_moore_5;100;35;0.182043
./booyer_moore_5;100;150;0.103572
./booyer_moore_5;100;189;0.110872
./booyer_moore_5;100;156;0.107461
./booyer_moore_5;100;159;0.10641
./booyer_moore_5;100;181;0.108949
./booyer_moore_5;100;0;0.0758449
./booyer_moore_5;100;0;0.072328
./booyer_moore_5;100;0;0.0752431
./booyer_moore_5;100;0;0.0736294
./booyer_moore_5;100;0;0.0708007
./booyer_moore_5;100;0;0.11949
./booyer_moore_5;100;0;0.129197
./booyer_moore_5;100;0;0.119049
./booyer_moore_5;100;0;0.12797
./booyer_moore_5;100;0;0.125205
./booyer_moore_5;100;2;0.149294
./booyer_moore_5;100;1;0.152603
./booyer_moore_5;100;1;0.152764
./booyer_moore_5;100;1;0.166095
./booyer_moore_5;100;1;0.159634
./booyer_moore_5;100;0;0.116968
./booyer_moore_5;100;0;0.128117
./booyer_moore_5;100;0;0.11821
./booyer_moore_5;100;0;0.13008
./booyer_moore_5;100;0;0.117936
./booyer_moore_5;100;3;0.117805
./booyer_moore_5;100;1;0.120873
./booyer_moore_5;100;2;0.123523
./booyer_moore_5;100;3;0.118204
./booyer_moore_5;100;2;0.117739
./booyer_moore_5;100;541;0.188443
./booyer_moore_5;100;330;0.180936
./booyer_moore_5;100;550;0.176156
./booyer_moore_5;100;457;0.187641
./booyer_moore_5;100;377;0.211465
./booyer_moore_5;100;0;0.0772402
./booyer_moore_5;100;0;0.0846849
./booyer_moore_5;100;0;0.0846797
./booyer_moore_5;100;0;0.0934115
./booyer_moore_5;100;0;0.104145
./booyer_moore_5;100;65;0.13423
./booyer_moore_5;100;79;0.125493
./booyer_moore_5;100;81;0.134728
./booyer_moore_5;100;81;0.125563
./booyer_moore_5;100;100;0.141611
./booyer_moore_5;100;0;0.167252
./booyer_moore_5;100;0;0.147721
./booyer_moore_5;100;0;0.168542
./booyer_moore_5;100;0;0.164521
./booyer_moore_5;100;0;0.151332
./booyer_moore_5;100;453;0.183476
./booyer_moore_5;100;226;0.169218
./booyer_moore_5;100;405;0.180648
./booyer_moore_5;100;322;0.18217
./booyer_moore_5;100;277;0.165095
./booyer_moore_5;100;0;0.109647
./booyer_moore_5;100;0;0.11107
./booyer_moore_5;100;0;0.110577
./booyer_moore_5;100;0;0.108783
./booyer_moore_5;100;0;0.108371
./booyer_moore_5;100;0;0.104762
./booyer_moore_5;100;0;0.112167
./booyer_moore_5;100;0;0.110632
./booyer_moore_5;100;0;0.111966
./booyer_moore_5;100;0;0.119114
./booyer_moore_5;100;0;0.122495
./booyer_moore_5;100;0;0.115878
./booyer_moore_5;100;0;0.114496
./booyer_moore_5;100;2;0.112888
./booyer_moore_5;100;0;0.112587
./booyer_moore_5;100;0;0.0814629
./booyer_moore_5;100;0;0.0771867
./booyer_moore_5;100;0;0.0766863
./booyer_moore_5;100;0;0.0750083
./booyer_moore_5;100;0;0.0759699
./booyer_moore_5;100;0;0.0912005
./booyer_moore_5;100;0;0.0973009
./booyer_moore_5;100;0;0.0928525
./booyer_moore_5;100;0;0.0910723
./booyer_moore_5;100;0;0.0923354
./booyer_moore_5;100;1;0.0839268
./booyer_moore_5;100;0;0.0927564
./booyer_moore_5;100;0;0.0890881
./booyer_moore_5;100;1;0.0886684
./booyer_moore_5;100;0;0.0909154
./booyer_moore_5;100;0;0.0957653
./booyer_moore_5;100;0;0.0997201
./booyer_moore_5;100;0;0.102096
./booyer_moore_5;100;0;0.0979089
./booyer_moore_5;100;0;0.0997154
./booyer_moore_5;100;33;0.132218
./booyer_moore_5;100;49;0.141284
./booyer_moore_5;100;50;0.138723
./booyer_moore_5;100;46;0.133383
./booyer_moore_5;100;42;0.13786
./booyer_moore_5;100;56;0.0867805
./booyer_moore_5;100;63;0.0840961
./booyer_moore_5;100;63;0.0829756
./booyer_moore_5;100;62;0.0825808
./booyer_moore_5;100;47;0.0822512
./booyer_moore_5;200;0;0.14186
./booyer_moore_5;200;1;0.134343
./booyer_moore_5;200;0;0.123973
./booyer_moore_5;200;0;0.129279
./booyer_moore_5;200;0;0.132217
./booyer_moore_5;200;8;0.145909
./booyer_moore_5;200;11;0.14381
./booyer_moore_5;200;6;0.155327
./booyer_moore_5;200;10;0.167039
./booyer_moore_5;200;8;0.144187
./booyer_moore_5;200;1;0.0930375
./booyer_moore_5;200;0;0.0993704
./booyer_moore_5;200;0;0.0967298
./booyer_moore_5;200;0;0.0962288
./booyer_moore_5;200;0;0.0953577
./booyer_moore_5;200;4;0.104147
./booyer_moore_5;200;8;0.107529
./booyer_moore_5;200;4;0.104254
./booyer_moore_5;200;3;0.102932
./booyer_moore_5;200;6;0.102003
./booyer_moore_5;200;0;0.0765856
./booyer_moore_5;200;0;0.0815634
./booyer_moore_5;200;0;0.0783726
./booyer_moore_5;200;0;0.0769634
./booyer_moore_5;200;0;0.0781556
./booyer_moore_5;200;0;0.100228
./booyer_moore_5;200;0;0.102419
./booyer_moore_5;200;0;0.106795
./booyer_moore_5;200;0;0.104175
./booyer_moore_5;200;0;0.103103
./booyer_moore_5;200;0;0.156888
./booyer_moore_5;200;0;0.159253
./booyer_moore_5;200;0;0.153084
./booyer_moore_5;200;0;0.152052
./booyer_moore_5;200;0;0.160786
./booyer_moore_5;200;0;0.10775
./booyer_moore_5;200;1;0.11456
./booyer_moore_5;200;0;0.111272
./booyer_moore_5;200;0;0.11346
./booyer_moore_5;200;0;0.115707
./booyer_moore_5;200;12;0.0792843
./booyer_moore_5;200;15;0.0767982
./booyer_moore_5;200;22;0.0796324
./booyer_moore_5;200;18;0.0780353
./booyer_moore_5;200;7;0.0808047
./booyer_moore_5;200;8;0.133643
./booyer_moore_5;200;3;0.112546
./booyer_moore_5;200;1;0.119413
./booyer_moore_5;200;5;0.122471
./booyer_moore_5;200;6;0.122076
./booyer_moore_5;200;5;0.157398
./booyer_moore_5;200;7;0.134789
./booyer_moore_5;200;3;0.135769
./booyer_moore_5;200;9;0.13235
./booyer_moore_5;200;5;0.133469
./booyer_moore_5;200;0;0.135017
./booyer_moore_5;200;0;0.142702
./booyer_moore_5;200;1;0.135753
./booyer_moore_5;200;0;0.133647
./booyer_moore_5;200;1;0.132119
./booyer_moore_5;200;0;0.126375
./booyer_moore_5;200;0;0.124107
./booyer_moore_5;200;0;0.122674
./booyer_moore_5;200;1;0.12153
./booyer_moore_5;200;0;0.127622
./booyer_moore_5;200;1;0.0902973
./booyer_moore_5;200;0;0.0948845
./booyer_moore_5;200;2;0.0940646
./booyer_moore_5;200;2;0.0938657
./booyer_moore_5;200;0;0.100431
./booyer_moore_5;200;32;0.136572
./booyer_moore_5;200;28;0.140271
./booyer_moore_5;200;27;0.136429
./booyer_moore_5;200;25;0.139406
./booyer_moore_5;200;20;0.13466
./booyer_moore_5;200;319;0.0957344
./booyer_moore_5;200;479;0.104498
./booyer_moore_5;200;451;0.107479
./booyer_moore_5;200;451;0.102454
./booyer_moore_5;200;473;0.105078
./booyer_moore_5;200;0;0.117644
./booyer_moore_5;200;5;0.128956
./booyer_moore_5;200;4;0.119561
./booyer_moore_5;200;4;0.12459
./booyer_moore_5;200;3;0.123064
./booyer_moore_5;200;5;0.0737778
./booyer_moore_5;200;2;0.0868493
./booyer_moore_5;200;5;0.0849251
./booyer_moore_5;200;5;0.0769896
./booyer_moore_5;200;3;0.0779868
./booyer_moore_5;200;13;0.149043
./booyer_moore_5;200;17;0.159375
./booyer_moore_5;200;13;0.148128
./booyer_moore_5;200;12;0.158685
./booyer_moore_5;200;19;0.186346
./booyer_moore_5;200;0;0.108023
./booyer_moore_5;200;0;0.0917079
./booyer_moore_5;200;0;0.0958964
./booyer_moore_5;200;0;0.0967196
./booyer_moore_5;200;0;0.0965617
./booyer_moore_5;200;0;0.120081
./booyer_moore_5;200;0;0.114361
./booyer_moore_5;200;0;0.116277
./booyer_moore_5;200;0;0.121946
./booyer_moore_5;200;0;0.116122
./booyer_moore_5;200;136;0.10102
./booyer_moore_5;200;121;0.102122
./booyer_moore_5;200;117;0.0995733
./booyer_moore_5;200;118;0.106515
./booyer_moore_5;200;99;0.0998223
./booyer_moore_5;200;0;0.111386
./booyer_moore_5;200;0;0.108854
./booyer_moore_5;200;0;0.113205
./booyer_moore_5;200;0;0.110346
./booyer_moore_5;200;1;0.109519
./booyer_moore_5;200;6;0.0504516
./booyer_moore_5;200;13;0.051686
./booyer_moore_5;200;13;0.0516313
./booyer_moore_5;200;4;0.0530721
./booyer_moore_5;200;11;0.0586748
./booyer_moore_5;200;15;0.0879384
./booyer_moore_5;200;18;0.0866066
./booyer_moore_5;200;21;0.0873456
./booyer_moore_5;200;26;0.0905533
./booyer_moore_5;200;25;0.0903736
./booyer_moore_5;200;29;0.13485
./booyer_moore_5;200;26;0.124927
./booyer_moore_5;200;20;0.129082
./booyer_moore_5;200;20;0.129356
./booyer_moore_5;200;22;0.137422
./booyer_moore_5;200;4;0.0782236
./booyer_moore_5;200;9;0.0847151
./booyer_moore_5;200;6;0.0881221
./booyer_moore_5;200;8;0.084926
./booyer_moore_5;200;2;0.0920836
./booyer_moore_5;200;0;0.141342
./booyer_moore_5;200;0;0.129065
./booyer_moore_5;200;0;0.130583
./booyer_moore_5;200;1;0.138194
./booyer_moore_5;200;0;0.133155
./booyer_moore_5;200;0;0.161822
./booyer_moore_5;200;0;0.135506
./booyer_moore_5;200;0;0.132561
./booyer_moore_5;200;0;0.129529
./booyer_moore_5;200;0;0.139249
./booyer_moore_5;200;11;0.130245
./booyer_moore_5;200;13;0.120855
./booyer_moore_5;200;4;0.121711
./booyer_moore_5;200;5;0.124978
./booyer_moore_5;200;8;0.127785
./booyer_moore_5;200;111;0.149959
./booyer_moore_5;200;48;0.144888
./booyer_moore_5;200;104;0.146665
./booyer_moore_5;200;82;0.159141
./booyer_moore_5;200;87;0.143899
./booyer_moore_5;200;2;0.0962297
./booyer_moore_5;200;4;0.104004
./booyer_moore_5;200;7;0.109344
./booyer_moore_5;200;1;0.103178
./booyer_moore_5;200;2;0.104528
./booyer_moore_5;200;119;0.132173
./booyer_moore_5;200;168;0.140202
./booyer_moore_5;200;125;0.131438
./booyer_moore_5;200;134;0.132522
./booyer_moore_5;200;137;0.133159
./booyer_moore_5;200;0;0.0849332
./booyer_moore_5;200;0;0.0853844
./booyer_moore_5;200;0;0.0845383
./booyer_moore_5;200;0;0.0845532
./booyer_moore_5;200;0;0.0853955
./booyer_moore_5;200;0;0.116756
./booyer_moore_5;200;0;0.113485
./booyer_moore_5;200;0;0.111249
./booyer_moore_5;200;1;0.112314
./booyer_moore_5;200;0;0.110294
./booyer_moore_5;200;0;0.109085
./booyer_moore_5;200;0;0.10823
./booyer_moore_5;200;0;0.0966666
./booyer_moore_5;200;0;0.0968583
./booyer_moore_5;200;0;0.1014
./booyer_moore_5;200;0;0.124611
./booyer_moore_5;200;0;0.0971332
./booyer_moore_5;200;0;0.0960926
./booyer_moore_5;200;0;0.0957242
./booyer_moore_5;200;0;0.094294
./booyer_moore_5;200;0;0.0651537
./booyer_moore_5;200;0;0.0581754
./booyer_moore_5;200;0;0.0592981
./booyer_moore_5;200;1;0.056237
./booyer_moore_5;200;0;0.0594833
./booyer_moore_5;200;41;0.0978822
./booyer_moore_5;200;36;0.0994904
./booyer_moore_5;200;41;0.107036
./booyer_moore_5;200;36;0.101933
./booyer_moore_5;200;35;0.10288
./booyer_moore_5;200;2;0.0790261
./booyer_moore_5;200;0;0.0745876
./booyer_moore_5;200;0;0.0810591
./booyer_moore_5;200;0;0.076159
./booyer_moore_5;200;0;0.0762546
./booyer_moore_5;200;79;0.0724006
./booyer_moore_5;200;110;0.0726384
./booyer_moore_5;200;109;0.0669667
./booyer_moore_5;200;102;0.0692772
./booyer_moore_5;200;110;0.0729484
./booyer_moore_5;200;0;0.130212
./booyer_moore_5;200;0;0.126886
./booyer_moore_5;200;0;0.132794
./booyer_moore_5;200;0;0.135686
./booyer_moore_5;200;0;0.135359
./booyer_moore_5;200;0;0.0916622
./booyer_moore_5;200;0;0.0924799
./booyer_moore_5;200;0;0.0938259
./booyer_moore_5;200;0;0.0979302
./booyer_moore_5;200;0;0.0917229
./booyer_moore_5;200;0;0.087859
./booyer_moore_5;200;0;0.0895924
./booyer_moore_5;200;1;0.0874406
./booyer_moore_5;200;0;0.092376
./booyer_moore_5;200;1;0.0908721
./booyer_moore_5;200;0;0.0825341
./booyer_moore_5;200;0;0.078804
./booyer_moore_5;200;0;0.0805986
./booyer_moore_5;200;0;0.0916729
./booyer_moore_5;200;0;0.0976713
./booyer_moore_5;200;5;0.0839207
./booyer_moore_5;200;1;0.0842502
./booyer_moore_5;200;0;0.0819162
./booyer_moore_5;200;4;0.0819876
./booyer_moore_5;200;4;0.0827231
./booyer_moore_5;200;0;0.055188
./booyer_moore_5;200;0;0.0612003
./booyer_moore_5;200;0;0.0603277
./booyer_moore_5;200;0;0.0533434
./booyer_moore_5;200;0;0.059707
./booyer_moore_5;200;0;0.0947174
./booyer_moore_5;200;0;0.0949801
./booyer_moore_5;200;0;0.101697
./booyer_moore_5;200;0;0.100387
./booyer_moore_5;200;1;0.0977923
./booyer_moore_5;200;3;0.0995837
./booyer_moore_5;200;0;0.0942292
./booyer_moore_5;200;1;0.101171
./booyer_moore_5;200;0;0.0975222
./booyer_moore_5;200;0;0.0969187
./booyer_moore_5;200;28;0.105875
./booyer_moore_5;200;40;0.112536
./booyer_moore_5;200;39;0.113532
./booyer_moore_5;200;37;0.107959
./booyer_moore_5;200;47;0.109403
./booyer_moore_5;200;0;0.108723
./booyer_moore_5;200;0;0.104788
./booyer_moore_5;200;0;0.114483
./booyer_moore_5;200;0;0.107779
./booyer_moore_5;200;0;0.108516
./booyer_moore_5;200;0;0.0740553
./booyer_moore_5;200;0;0.0745967
./booyer_moore_5;200;0;0.0755092
./booyer_moore_5;200;0;0.0765474
./booyer_moore_5;200;0;0.0749086
./booyer_moore_5;200;1;0.0875308
./booyer_moore_5;200;3;0.0889722
./booyer_moore_5;200;0;0.0873273
./booyer_moore_5;200;0;0.0955078
./booyer_moore_5;200;3;0.0914866
./booyer_moore_5;200;0;0.108347
./booyer_moore_5;200;0;0.107913
./booyer_moore_5;200;0;0.108257
./booyer_moore_5;200;0;0.136403
./booyer_moore_5;200;0;0.106963
./booyer_moore_5;200;51;0.13726
./booyer_moore_5;200;63;0.136639
./booyer_moore_5;200;62;0.146153
./booyer_moore_5;200;49;0.135898
./booyer_moore_5;200;80;0.139528
./booyer_moore_5;200;3;0.087397
./booyer_moore_5;200;2;0.0911126
./booyer_moore_5;200;4;0.0910131
./booyer_moore_5;200;4;0.0892393
./booyer_moore_5;200;1;0.089278
./booyer_moore_5;200;59;0.116935
./booyer_moore_5;200;34;0.134858
./booyer_moore_5;200;53;0.117386
./booyer_moore_5;200;59;0.119801
./booyer_moore_5;200;43;0.117087
./booyer_moore_5;200;9;0.137074
./booyer_moore_5;200;10;0.128939
./booyer_moore_5;200;11;0.163301
./booyer_moore_5;200;9;0.165085
./booyer_moore_5;200;9;0.174041
./booyer_moore_5;200;0;0.0896805
./booyer_moore_5;200;0;0.094177
./booyer_moore_5;200;0;0.0923475
./booyer_moore_5;200;0;0.0927636
./booyer_moore_5;200;0;0.0900514
./booyer_moore_5;200;0;0.10662
./booyer_moore_5;200;0;0.108151
./booyer_moore_5;200;0;0.11709
./booyer_moore_5;200;0;0.112791
./booyer_moore_5;200;1;0.106211
./booyer_moore_5;200;0;0.12254
./booyer_moore_5;200;0;0.123242
./booyer_moore_5;200;0;0.121525
./booyer_moore_5;200;0;0.124792
./booyer_moore_5;200;0;0.134081
./booyer_moore_5;200;0;0.164184
./booyer_moore_5;200;0;0.142644
./booyer_moore_5;200;0;0.127733
./booyer_moore_5;200;0;0.131874
./booyer_moore_5;200;0;0.149833
./booyer_moore_5;200;1;0.136465
./booyer_moore_5;200;0;0.157064
./booyer_moore_5;200;0;0.150968
./booyer_moore_5;200;0;0.154837
./booyer_moore_5;200;0;0.155364
./booyer_moore_5;200;31;0.132241
./booyer_moore_5;200;33;0.133429
./booyer_moore_5;200;40;0.125791
./booyer_moore_5;200;27;0.116214
./booyer_moore_5;200;40;0.114617
./booyer_moore_5;200;2;0.118245
./booyer_moore_5;200;2;0.126384
./booyer_moore_5;200;2;0.115259
./booyer_moore_5;200;1;0.127521
./booyer_moore_5;200;5;0.125041
./booyer_moore_5;200;94;0.113438
./booyer_moore_5;200;93;0.114169
./booyer_moore_5;200;81;0.116659
./booyer_moore_5;200;84;0.119748
./booyer_moore_5;200;93;0.1164
./booyer_moore_5;200;0;0.100491
./booyer_moore_5;200;0;0.10058
./booyer_moore_5;200;0;0.0983911
./booyer_moore_5;200;0;0.104491
./booyer_moore_5;200;0;0.100491
./booyer_moore_5;200;0;0.081348
./booyer_moore_5;200;0;0.0830123
./booyer_moore_5;200;0;0.0887052
./booyer_moore_5;200;0;0.0794112
./booyer_moore_5;200;0;0.107331
./booyer_moore_5;200;0;0.118238
./booyer_moore_5;200;0;0.115237
./booyer_moore_5;200;0;0.116735
./booyer_moore_5;200;0;0.109464
./booyer_moore_5;200;0;0.111461
./booyer_moore_5;200;302;0.15903
./booyer_moore_5;200;258;0.157553
./booyer_moore_5;200;318;0.16181
./booyer_moore_5;200;278;0.141391
./booyer_moore_5;200;253;0.140896
./booyer_moore_5;200;0;0.0767882
./booyer_moore_5;200;0;0.0774154
./booyer_moore_5;200;0;0.082335
./booyer_moore_5;200;0;0.0813134
./booyer_moore_5;200;0;0.0806597
./booyer_moore_5;200;0;0.0675474
./booyer_moore_5;200;0;0.0675238
./booyer_moore_5;200;0;0.0688729
./booyer_moore_5;200;0;0.0677897
./booyer_moore_5;200;0;0.0655038
./booyer_moore_5;200;0;0.0981222
./booyer_moore_5;200;0;0.096855
./booyer_moore_5;200;0;0.0988083
./booyer_moore_5;200;0;0.0971897
./booyer_moore_5;200;0;0.0968665
./booyer_moore_5;200;0;0.0939697
./booyer_moore_5;200;0;0.0937692
./booyer_moore_5;200;0;0.102118
./booyer_moore_5;200;0;0.0911679
./booyer_moore_5;200;0;0.107404
./booyer_moore_5;200;0;0.0869878
./booyer_moore_5;200;0;0.0846429
./booyer_moore_5;200;0;0.0796535
./booyer_moore_5;200;0;0.0760301
./booyer_moore_5;200;0;0.084024
./booyer_moore_5;200;0;0.116923
./booyer_moore_5;200;0;0.112066
./booyer_moore_5;200;0;0.111138
./booyer_moore_5;200;0;0.11179
./booyer_moore_5;200;0;0.110628
./booyer_moore_5;200;1;0.138498
./booyer_moore_5;200;0;0.16829
./booyer_moore_5;200;0;0.161262
./booyer_moore_5;200;0;0.15689
./booyer_moore_5;200;0;0.158704
./booyer_moore_5;200;7;0.199648
./booyer_moore_5;200;4;0.196557
./booyer_moore_5;200;5;0.172241
./booyer_moore_5;200;2;0.184501
./booyer_moore_5;200;5;0.183329
./booyer_moore_5;200;245;0.0804593
./booyer_moore_5;200;272;0.0800131
./booyer_moore_5;200;261;0.0847153
./booyer_moore_5;200;253;0.0791505
./booyer_moore_5;200;246;0.0931129
./booyer_moore_5;200;0;0.1165
./booyer_moore_5;200;0;0.119984
./booyer_moore_5;200;0;0.105488
./booyer_moore_5;200;0;0.0970738
./booyer_moore_5;200;0;0.100739
./booyer_moore_5;200;0;0.106888
./booyer_moore_5;200;0;0.104593
./booyer_moore_5;200;0;0.106666
./booyer_moore_5;200;0;0.111655
./booyer_moore_5;200;0;0.110404
./booyer_moore_5;200;79;0.130558
./booyer_moore_5;200;44;0.124663
./booyer_moore_5;200;61;0.12017
./booyer_moore_5;200;66;0.122332
./booyer_moore_5;200;55;0.124266
./booyer_moore_5;200;0;0.0763744
./booyer_moore_5;200;0;0.0796438
./booyer_moore_5;200;0;0.0760281
./booyer_moore_5;200;0;0.0720793
./booyer_moore_5;200;0;0.0736497
./booyer_moore_5;200;3;0.0831789
./booyer_moore_5;200;4;0.0970886
./booyer_moore_5;200;2;0.0990105
./booyer_moore_5;200;5;0.108097
./booyer_moore_5;200;1;0.117923
./booyer_moore_5;200;0;0.0924594
./booyer_moore_5;200;0;0.103691
./booyer_moore_5;200;0;0.106084
./booyer_moore_5;200;0;0.10217
./booyer_moore_5;200;0;0.104397
./booyer_moore_5;200;0;0.160992
./booyer_moore_5;200;0;0.144413
./booyer_moore_5;200;0;0.142774
./booyer_moore_5;200;0;0.150061
./booyer_moore_5;200;0;0.158821
./booyer_moore_5;200;0;0.176896
./booyer_moore_5;200;0;0.16477
./booyer_moore_5;200;0;0.164598
./booyer_moore_5;200;0;0.158191
./booyer_moore_5;200;0;0.162471
./booyer_moore_5;200;92;0.162569
./booyer_moore_5;200;77;0.144017
./booyer_moore_5;200;86;0.144547
./booyer_moore_5;200;100;0.146496
./booyer_moore_5;200;87;0.138994
./booyer_moore_5;200;6;0.142526
./booyer_moore_5;200;7;0.147757
./booyer_moore_5;200;5;0.168494
./booyer_moore_5;200;8;0.161261
./booyer_moore_5;200;8;0.155407
./booyer_moore_5;200;0;0.0992648
./booyer_moore_5;200;0;0.0964062
./booyer_moore_5;200;0;0.0916836
./booyer_moore_5;200;0;0.0913158
./booyer_moore_5;200;0;0.0832639
./booyer_moore_5;200;0;0.106161
./booyer_moore_5;200;0;0.119162
./booyer_moore_5;200;0;0.105713
./booyer_moore_5;200;0;0.106295
./booyer_moore_5;200;0;0.105292
./booyer_moore_5;200;0;0.10309
./booyer_moore_5;200;0;0.100593
./booyer_moore_5;200;0;0.100307
./booyer_moore_5;200;0;0.100273
./booyer_moore_5;200;0;0.100595
./booyer_moore_5;200;0;0.113782
./booyer_moore_5;200;0;0.115931
./booyer_moore_5;200;0;0.113143
./booyer_moore_5;200;0;0.113023
./booyer_moore_5;200;0;0.116775
./booyer_moore_5;200;0;0.118776
./booyer_moore_5;200;1;0.115944
./booyer_moore_5;200;0;0.114691
./booyer_moore_5;200;0;0.109539
./booyer_moore_5;200;0;0.119091
./booyer_moore_5;200;0;0.0651618
./booyer_moore_5;200;0;0.0677377
./booyer_moore_5;200;0;0.0643209
./booyer_moore_5;200;0;0.0670289
./booyer_moore_5;200;0;0.0638374
./booyer_moore_5;200;2;0.108024
./booyer_moore_5;200;5;0.111826
./booyer_moore_5;200;2;0.110038
./booyer_moore_5;200;5;0.107602
./booyer_moore_5;200;7;0.108273
./booyer_moore_5;200;116;0.152419
./booyer_moore_5;200;86;0.143159
./booyer_moore_5;200;76;0.146161
./booyer_moore_5;200;101;0.16305
./booyer_moore_5;200;102;0.161198
./booyer_moore_5;200;10;0.130858
./booyer_moore_5;200;6;0.130903
./booyer_moore_5;200;8;0.125069
./booyer_moore_5;200;7;0.127677
./booyer_moore_5;200;7;0.129847
./booyer_moore_5;200;0;0.15495
./booyer_moore_5;200;0;0.147189
./booyer_moore_5;200;0;0.135887
./booyer_moore_5;200;0;0.134536
./booyer_moore_5;200;0;0.139513
./booyer_moore_5;200;0;0.143182
./booyer_moore_5;200;0;0.154149
./booyer_moore_5;200;0;0.144145
./booyer_moore_5;200;0;0.140227
./booyer_moore_5;200;0;0.138964
./booyer_moore_5;200;105;0.141209
./booyer_moore_5;200;74;0.142901
./booyer_moore_5;200;105;0.141957
./booyer_moore_5;200;96;0.142242
./booyer_moore_5;200;80;0.13784
./booyer_moore_5;200;0;0.124882
./booyer_moore_5;200;0;0.119044
./booyer_moore_5;200;0;0.12245
./booyer_moore_5;200;0;0.118821
./booyer_moore_5;200;0;0.12228
./booyer_moore_5;200;0;0.0960013
./booyer_moore_5;200;0;0.103282
./booyer_moore_5;200;0;0.123168
./booyer_moore_5;200;0;0.120478
./booyer_moore_5;200;0;0.120252
./booyer_moore_5;200;0;0.108477
./booyer_moore_5;200;0;0.109041
./booyer_moore_5;200;0;0.115801
./booyer_moore_5;200;0;0.113038
./booyer_moore_5;200;0;0.104426
./booyer_moore_5;200;1;0.0714826
./booyer_moore_5;200;2;0.0636909
./booyer_moore_5;200;3;0.0620536
./booyer_moore_5;200;2;0.0620892
./booyer_moore_5;200;0;0.0645187
./booyer_moore_5;200;0;0.0960431
./booyer_moore_5;200;2;0.0980017
./booyer_moore_5;200;0;0.0967123
./booyer_moore_5;200;1;0.0964212
./booyer_moore_5;200;3;0.098964
./booyer_moore_5;200;0;0.122274
./booyer_moore_5;200;0;0.125023
./booyer_moore_5;200;0;0.122771
./booyer_moore_5;200;0;0.121914
./booyer_moore_5;200;0;0.120327
./booyer_moore_5;200;0;0.0883173
./booyer_moore_5;200;0;0.0902818
./booyer_moore_5;200;0;0.0885722
./booyer_moore_5;200;0;0.0916392
./booyer_moore_5;200;0;0.111624
./booyer_moore_5;200;0;0.0914767
./booyer_moore_5;200;1;0.0904551
./booyer_moore_5;200;0;0.086169
./booyer_moore_5;200;0;0.0897551
./booyer_moore_5;200;0;0.0956229
./booyer_moore_5;200;4;0.120469
./booyer_moore_5;200;3;0.123746
./booyer_moore_5;200;2;0.119901
./booyer_moore_5;200;1;0.125944
./booyer_moore_5;200;2;0.123099
./booyer_moore_5;200;4;0.101335
./booyer_moore_5;200;1;0.10866
./booyer_moore_5;200;4;0.105713
./booyer_moore_5;200;4;0.107288
./booyer_moore_5;200;5;0.105357
./booyer_moore_5;200;0;0.0672297
./booyer_moore_5;200;0;0.0642962
./booyer_moore_5;200;0;0.0649439
./booyer_moore_5;200;0;0.0650626
./booyer_moore_5;200;0;0.0690173
./booyer_moore_5;200;330;0.0937766
./booyer_moore_5;200;406;0.092867
./booyer_moore_5;200;322;0.0943864
./booyer_moore_5;200;360;0.0923346
./booyer_moore_5;200;340;0.0959677
./booyer_moore_5;200;0;0.0933305
./booyer_moore_5;200;0;0.085642
./booyer_moore_5;200;0;0.0894709
./booyer_moore_5;200;0;0.0873909
./booyer_moore_5;200;0;0.0870813
./booyer_moore_5;200;0;0.0833633
./booyer_moore_5;200;0;0.0876019
./booyer_moore_5;200;0;0.0809759
./booyer_moore_5;200;0;0.0814292
./booyer_moore_5;200;1;0.0823732
./booyer_moore_5;200;1;0.104867
./booyer_moore_5;200;0;0.109108
./booyer_moore_5;200;0;0.103511
./booyer_moore_5;200;0;0.10378
./booyer_moore_5;200;0;0.103868
./booyer_moore_5;200;0;0.0830109
./booyer_moore_5;200;0;0.0987163
./booyer_moore_5;200;1;0.0892024
./booyer_moore_5;200;0;0.0869073
./booyer_moore_5;200;0;0.088672
./booyer_moore_5;200;17;0.117801
./booyer_moore_5;200;21;0.122958
./booyer_moore_5;200;24;0.117646
./booyer_moore_5;200;18;0.117256
./booyer_moore_5;200;25;0.1159
./booyer_moore_5;200;0;0.110135
./booyer_moore_5;200;0;0.106942
./booyer_moore_5;200;0;0.103118
./booyer_moore_5;200;0;0.103672
./booyer_moore_5;200;0;0.109004
./booyer_moore_5;200;46;0.114535
./booyer_moore_5;200;41;0.0936805
./booyer_moore_5;200;35;0.0854192
./booyer_moore_5;200;39;0.0862038
./booyer_moore_5;200;40;0.0862732
./booyer_moore_5;200;5;0.159912
./booyer_moore_5;200;4;0.149112
./booyer_moore_5;200;4;0.151611
./booyer_moore_5;200;8;0.15363
./booyer_moore_5;200;6;0.149263
./booyer_moore_5;200;0;0.0864178
./booyer_moore_5;200;0;0.0923967
./booyer_moore_5;200;0;0.0894733
./booyer_moore_5;200;0;0.0956243
./booyer_moore_5;200;0;0.0972548
./booyer_moore_5;200;1;0.111159
./booyer_moore_5;200;0;0.110633
./booyer_moore_5;200;0;0.111978
./booyer_moore_5;200;1;0.115119
./booyer_moore_5;200;0;0.111765
./booyer_moore_5;200;0;0.083782
./booyer_moore_5;200;0;0.0844003
./booyer_moore_5;200;0;0.0825965
./booyer_moore_5;200;0;0.089836
./booyer_moore_5;200;0;0.0833051
./booyer_moore_5;200;46;0.110193
./booyer_moore_5;200;28;0.108454
./booyer_moore_5;200;38;0.106786
./booyer_moore_5;200;41;0.11275
./booyer_moore_5;200;26;0.106485
./booyer_moore_5;200;0;0.109214
./booyer_moore_5;200;0;0.108971
./booyer_moore_5;200;0;0.114492
./booyer_moore_5;200;0;0.113922
./booyer_moore_5;200;0;0.109414
./booyer_moore_5;200;0;0.103063
./booyer_moore_5;200;1;0.104478
./booyer_moore_5;200;1;0.109943
./booyer_moore_5;200;0;0.104624
./booyer_moore_5;200;0;0.103722
./booyer_moore_5;200;0;0.109985
./booyer_moore_5;200;0;0.108774
./booyer_moore_5;200;0;0.129806
./booyer_moore_5;200;0;0.112437
./booyer_moore_5;200;0;0.111354
./booyer_moore_5;200;79;0.102075
./booyer_moore_5;200;56;0.103405
./booyer_moore_5;200;78;0.0989308
./booyer_moore_5;200;69;0.0995192
./booyer_moore_5;200;63;0.0971207
./booyer_moore_5;200;0;0.10463
./booyer_moore_5;200;0;0.108171
./booyer_moore_5;200;0;0.10334
./booyer_moore_5;200;1;0.103397
./booyer_moore_5;200;0;0.10448
./booyer_moore_5;200;0;0.079517
./booyer_moore_5;200;0;0.0685389
./booyer_moore_5;200;0;0.0627241
./booyer_moore_5;200;0;0.061079
./booyer_moore_5;200;0;0.06058
./booyer_moore_5;200;5;0.0698571
./booyer_moore_5;200;4;0.0701373
./booyer_moore_5;200;8;0.0693542
./booyer_moore_5;200;7;0.0700343
./booyer_moore_5;200;6;0.0730728
./booyer_moore_5;200;41;0.145754
./booyer_moore_5;200;49;0.157936
./booyer_moore_5;200;54;0.149259
./booyer_moore_5;200;48;0.147094
./booyer_moore_5;200;58;0.144157
./booyer_moore_5;200;3;0.0763187
./booyer_moore_5;200;0;0.0784821
./booyer_moore_5;200;1;0.0840315
./booyer_moore_5;200;2;0.0832659
./booyer_moore_5;200;1;0.0807305
./booyer_moore_5;200;0;0.134259
./booyer_moore_5;200;0;0.133162
./booyer_moore_5;200;0;0.1423
./booyer_moore_5;200;1;0.132592
./booyer_moore_5;200;0;0.129078
./booyer_moore_5;200;428;0.0848251
./booyer_moore_5;200;241;0.0936327
./booyer_moore_5;200;366;0.100333
./booyer_moore_5;200;327;0.0898329
./booyer_moore_5;200;261;0.089536
./booyer_moore_5;200;0;0.0948784
./booyer_moore_5;200;0;0.101901
./booyer_moore_5;200;0;0.0968946
./booyer_moore_5;200;0;0.0943773
./booyer_moore_5;200;0;0.0937747
./booyer_moore_5;200;0;0.0900841
./booyer_moore_5;200;0;0.0980913
./booyer_moore_5;200;0;0.104495
./booyer_moore_5;200;0;0.0947627
./booyer_moore_5;200;0;0.094937
./booyer_moore_5;200;0;0.0923242
./booyer_moore_5;200;0;0.0892277
./booyer_moore_5;200;0;0.0963
./booyer_moore_5;200;0;0.0906837
./booyer_moore_5;200;0;0.0914081
./booyer_moore_5;200;8;0.12327
./booyer_moore_5;200;24;0.125471
./booyer_moore_5;200;8;0.124877
./booyer_moore_5;200;10;0.11729
./booyer_moore_5;200;11;0.128483
./booyer_moore_5;200;0;0.0988796
./booyer_moore_5;200;0;0.108813
./booyer_moore_5;200;0;0.101721
./booyer_moore_5;200;0;0.103234
./booyer_moore_5;200;0;0.111923
./booyer_moore_5;200;116;0.148669
./booyer_moore_5;200;118;0.147576
./booyer_moore_5;200;93;0.147592
./booyer_moore_5;200;108;0.145485
./booyer_moore_5;200;97;0.155197
./booyer_moore_5;200;0;0.120376
./booyer_moore_5;200;0;0.119125
./booyer_moore_5;200;1;0.131935
./booyer_moore_5;200;0;0.127123
./booyer_moore_5;200;0;0.124815
./booyer_moore_5;200;0;0.0805098
./booyer_moore_5;200;0;0.0843537
./booyer_moore_5;200;0;0.0877912
./booyer_moore_5;200;1;0.0841176
./booyer_moore_5;200;0;0.0824187
./booyer_moore_5;200;0;0.117968
./booyer_moore_5;200;0;0.111949
./booyer_moore_5;200;0;0.11684
./booyer_moore_5;200;0;0.111983
./booyer_moore_5;200;0;0.112571
./booyer_moore_5;200;0;0.089925
./booyer_moore_5;200;0;0.0855282
./booyer_moore_5;200;0;0.0901303
./booyer_moore_5;200;0;0.0895019
./booyer_moore_5;200;0;0.0886007
./booyer_moore_5;200;6;0.093331
./booyer_moore_5;200;0;0.0838469
./booyer_moore_5;200;4;0.0946264
./booyer_moore_5;200;2;0.1146
./booyer_moore_5;200;3;0.113894
./booyer_moore_5;200;0;0.141124
./booyer_moore_5;200;0;0.155802
./booyer_moore_5;200;0;0.147918
./booyer_moore_5;200;0;0.148683
./booyer_moore_5;200;0;0.15075
./booyer_moore_5;200;0;0.141118
./booyer_moore_5;200;0;0.12571
./booyer_moore_5;200;0;0.145904
./booyer_moore_5;200;0;0.152109
./booyer_moore_5;200;0;0.150527
./booyer_moore_5;200;0;0.162166
./booyer_moore_5;200;0;0.136469
./booyer_moore_5;200;1;0.153659
./booyer_moore_5;200;0;0.156057
./booyer_moore_5;200;0;0.155609
./booyer_moore_5;200;0;0.14794
./booyer_moore_5;200;0;0.158818
./booyer_moore_5;200;0;0.140207
./booyer_moore_5;200;0;0.14993
./booyer_moore_5;200;0;0.130058
./booyer_moore_5;200;0;0.185878
./booyer_moore_5;200;1;0.178938
./booyer_moore_5;200;2;0.170894
./booyer_moore_5;200;1;0.160095
./booyer_moore_5;200;1;0.158242
./booyer_moore_5;200;0;0.107527
./booyer_moore_5;200;0;0.106352
./booyer_moore_5;200;0;0.107637
./booyer_moore_5;200;0;0.107784
./booyer_moore_5;200;0;0.106006
./booyer_moore_5;200;42;0.117476
./booyer_moore_5;200;18;0.113599
./booyer_moore_5;200;28;0.114667
./booyer_moore_5;200;37;0.120475
./booyer_moore_5;200;24;0.12544
./booyer_moore_5;200;0;0.105673
./booyer_moore_5;200;0;0.108512
./booyer_moore_5;200;0;0.108552
./booyer_moore_5;200;0;0.107655
./booyer_moore_5;200;0;0.109391
./booyer_moore_5;200;0;0.0892132
./booyer_moore_5;200;0;0.095663
./booyer_moore_5;200;0;0.0927295
./booyer_moore_5;200;0;0.107582
./booyer_moore_5;200;0;0.0984185
./booyer_moore_5;200;0;0.144456
./booyer_moore_5;200;0;0.132423
./booyer_moore_5;200;1;0.148332
./booyer_moore_5;200;0;0.161211
./booyer_moore_5;200;0;0.152552
./booyer_moore_5;200;0;0.082478
./booyer_moore_5;200;0;0.0887424
./booyer_moore_5;200;0;0.101668
./booyer_moore_5;200;0;0.110823
./booyer_moore_5;200;0;0.111281
./booyer_moore_5;200;0;0.106738
./booyer_moore_5;200;0;0.0941995
./booyer_moore_5;200;0;0.098585
./booyer_moore_5;200;0;0.0939824
./booyer_moore_5;200;0;0.0879515
./booyer_moore_5;200;0;0.124592
./booyer_moore_5;200;0;0.139383
./booyer_moore_5;200;1;0.140897
./booyer_moore_5;200;0;0.127064
./booyer_moore_5;200;0;0.130244
./booyer_moore_5;200;156;0.0560136
./booyer_moore_5;200;99;0.0539136
./booyer_moore_5;200;137;0.0649011
./booyer_moore_5;200;119;0.0582254
./booyer_moore_5;200;121;0.0696853
./booyer_moore_5;200;0;0.0927297
./booyer_moore_5;200;0;0.0898667
./booyer_moore_5;200;0;0.0931639
./booyer_moore_5;200;0;0.0962277
./booyer_moore_5;200;0;0.103911
./booyer_moore_5;200;0;0.080908
./booyer_moore_5;200;0;0.0852512
./booyer_moore_5;200;0;0.0828007
./booyer_moore_5;200;0;0.0794302
./booyer_moore_5;200;0;0.0836644
./booyer_moore_5;200;2;0.104386
./booyer_moore_5;200;1;0.101811
./booyer_moore_5;200;4;0.104335
./booyer_moore_5;200;2;0.109281
./booyer_moore_5;200;1;0.098403
./booyer_moore_5;200;0;0.116035
./booyer_moore_5;200;0;0.136596
./booyer_moore_5;200;0;0.118072
./booyer_moore_5;200;0;0.11259
./booyer_moore_5;200;0;0.112482
./booyer_moore_5;200;0;0.151893
./booyer_moore_5;200;0;0.13509
./booyer_moore_5;200;0;0.142128
./booyer_moore_5;200;0;0.140952
./booyer_moore_5;200;0;0.137239
